{"minified":"composer/2.0","packages":{"intervention/image-laravel":[{"name":"intervention/image-laravel","description":"Laravel Integration of Intervention Image","keywords":["image","thumbnail","resize","gd","imagick","laravel","watermark"],"homepage":"https://image.intervention.io/","version":"1.5.6","version_normalized":"1.5.6.0","license":["MIT"],"authors":[{"name":"Oliver Vogel","email":"oliver@intervention.io","homepage":"https://intervention.io/"}],"source":{"url":"https://github.com/Intervention/image-laravel.git","type":"git","reference":"056029431400a5cc56036172787a578f334683c4"},"dist":{"url":"https://api.github.com/repos/Intervention/image-laravel/zipball/056029431400a5cc56036172787a578f334683c4","type":"zip","shasum":"","reference":"056029431400a5cc56036172787a578f334683c4"},"type":"library","support":{"issues":"https://github.com/Intervention/image-laravel/issues","source":"https://github.com/Intervention/image-laravel/tree/1.5.6"},"funding":[{"url":"https://paypal.me/interventionio","type":"custom"},{"url":"https://github.com/Intervention","type":"github"},{"url":"https://ko-fi.com/interventionphp","type":"ko_fi"}],"time":"2025-04-04T15:09:55+00:00","autoload":{"psr-4":{"Intervention\\Image\\Laravel\\":"src"}},"extra":{"laravel":{"aliases":{"Image":"Intervention\\Image\\Laravel\\Facades\\Image"},"providers":["Intervention\\Image\\Laravel\\ServiceProvider"]}},"require":{"php":"^8.1","illuminate/support":"^8|^9|^10|^11|^12","illuminate/http":"^8|^9|^10|^11|^12","illuminate/routing":"^8|^9|^10|^11|^12","intervention/image":"^3.11"},"require-dev":{"ext-fileinfo":"*","phpunit/phpunit":"^10.0 || ^11.0 || ^12.0","orchestra/testbench":"^8.18 || ^9.9"}},{"version":"1.5.5","version_normalized":"1.5.5.0","source":{"url":"https://github.com/Intervention/image-laravel.git","type":"git","reference":"3ee4b63b4e88c1967878c4b8cd51da4f38919c1a"},"dist":{"url":"https://api.github.com/repos/Intervention/image-laravel/zipball/3ee4b63b4e88c1967878c4b8cd51da4f38919c1a","type":"zip","shasum":"","reference":"3ee4b63b4e88c1967878c4b8cd51da4f38919c1a"},"support":{"issues":"https://github.com/Intervention/image-laravel/issues","source":"https://github.com/Intervention/image-laravel/tree/1.5.5"},"time":"2025-02-26T16:20:23+00:00"},{"version":"1.5.4","version_normalized":"1.5.4.0","source":{"url":"https://github.com/Intervention/image-laravel.git","type":"git","reference":"71a4679e8345f16ebbee91e1ae52d15d7669e78b"},"dist":{"url":"https://api.github.com/repos/Intervention/image-laravel/zipball/71a4679e8345f16ebbee91e1ae52d15d7669e78b","type":"zip","shasum":"","reference":"71a4679e8345f16ebbee91e1ae52d15d7669e78b"},"support":{"issues":"https://github.com/Intervention/image-laravel/issues","source":"https://github.com/Intervention/image-laravel/tree/1.5.4"},"time":"2025-02-25T16:25:46+00:00"},{"version":"1.5.3","version_normalized":"1.5.3.0","source":{"url":"https://github.com/Intervention/image-laravel.git","type":"git","reference":"e0f001ae69bbed495693689e6dcc5ee588f1f8af"},"dist":{"url":"https://api.github.com/repos/Intervention/image-laravel/zipball/e0f001ae69bbed495693689e6dcc5ee588f1f8af","type":"zip","shasum":"","reference":"e0f001ae69bbed495693689e6dcc5ee588f1f8af"},"support":{"issues":"https://github.com/Intervention/image-laravel/issues","source":"https://github.com/Intervention/image-laravel/tree/1.5.3"},"time":"2025-02-25T15:30:08+00:00","require":{"php":"^8.1","illuminate/support":"^8|^9|^10|^11|^12","intervention/image":"^3.11"}},{"version":"1.5.2","version_normalized":"1.5.2.0","source":{"url":"https://github.com/Intervention/image-laravel.git","type":"git","reference":"afe15f5d58057af149288c57bc92b95b8bc24ebb"},"dist":{"url":"https://api.github.com/repos/Intervention/image-laravel/zipball/afe15f5d58057af149288c57bc92b95b8bc24ebb","type":"zip","shasum":"","reference":"afe15f5d58057af149288c57bc92b95b8bc24ebb"},"support":{"issues":"https://github.com/Intervention/image-laravel/issues","source":"https://github.com/Intervention/image-laravel/tree/1.5.2"},"time":"2025-02-23T16:19:36+00:00"},{"version":"1.5.1","version_normalized":"1.5.1.0","source":{"url":"https://github.com/Intervention/image-laravel.git","type":"git","reference":"c92241c02a2b208ce6935bf12b471b078722daa3"},"dist":{"url":"https://api.github.com/repos/Intervention/image-laravel/zipball/c92241c02a2b208ce6935bf12b471b078722daa3","type":"zip","shasum":"","reference":"c92241c02a2b208ce6935bf12b471b078722daa3"},"support":{"issues":"https://github.com/Intervention/image-laravel/issues","source":"https://github.com/Intervention/image-laravel/tree/1.5.1"},"time":"2025-02-15T07:15:21+00:00"},{"version":"1.5.0","version_normalized":"1.5.0.0","source":{"url":"https://github.com/Intervention/image-laravel.git","type":"git","reference":"3a3d38f3ba30d66da22b335e0bbe2ac6bf2230a1"},"dist":{"url":"https://api.github.com/repos/Intervention/image-laravel/zipball/3a3d38f3ba30d66da22b335e0bbe2ac6bf2230a1","type":"zip","shasum":"","reference":"3a3d38f3ba30d66da22b335e0bbe2ac6bf2230a1"},"support":{"issues":"https://github.com/Intervention/image-laravel/issues","source":"https://github.com/Intervention/image-laravel/tree/1.5.0"},"time":"2025-02-09T07:25:25+00:00"},{"version":"1.4.0","version_normalized":"1.4.0.0","source":{"url":"https://github.com/Intervention/image-laravel.git","type":"git","reference":"6ee3d2266b823127497345c0aaf958223d0f4c84"},"dist":{"url":"https://api.github.com/repos/Intervention/image-laravel/zipball/6ee3d2266b823127497345c0aaf958223d0f4c84","type":"zip","shasum":"","reference":"6ee3d2266b823127497345c0aaf958223d0f4c84"},"support":{"issues":"https://github.com/Intervention/image-laravel/issues","source":"https://github.com/Intervention/image-laravel/tree/1.4.0"},"time":"2025-01-18T15:56:47+00:00","require":{"php":"^8.1","illuminate/support":"^8|^9|^10|^11","intervention/image":"^3.11"},"require-dev":{"phpunit/phpunit":"^10.0 || ^11.0","orchestra/testbench":"^8.18"}},{"version":"1.3.0","version_normalized":"1.3.0.0","source":{"url":"https://github.com/Intervention/image-laravel.git","type":"git","reference":"24738a017d42a6fa8d9adabdbd69a2c19c5b0d30"},"dist":{"url":"https://api.github.com/repos/Intervention/image-laravel/zipball/24738a017d42a6fa8d9adabdbd69a2c19c5b0d30","type":"zip","shasum":"","reference":"24738a017d42a6fa8d9adabdbd69a2c19c5b0d30"},"support":{"issues":"https://github.com/Intervention/image-laravel/issues","source":"https://github.com/Intervention/image-laravel/tree/1.3.0"},"funding":[{"url":"https://paypal.me/interventionio","type":"custom"},{"url":"https://github.com/Intervention","type":"github"}],"time":"2024-06-15T08:20:20+00:00","require":{"php":"^8.1","illuminate/support":"^8|^9|^10|^11","intervention/image":"^3.7"},"require-dev":{"phpunit/phpunit":"^10.0","orchestra/testbench":"^8.18"}},{"version":"1.2.0","version_normalized":"1.2.0.0","source":{"url":"https://github.com/Intervention/image-laravel.git","type":"git","reference":"d30b62fea3c49896dbf26ea7799e7d718e779310"},"dist":{"url":"https://api.github.com/repos/Intervention/image-laravel/zipball/d30b62fea3c49896dbf26ea7799e7d718e779310","type":"zip","shasum":"","reference":"d30b62fea3c49896dbf26ea7799e7d718e779310"},"support":{"issues":"https://github.com/Intervention/image-laravel/issues","source":"https://github.com/Intervention/image-laravel/tree/1.2.0"},"time":"2024-03-03T09:14:35+00:00","require":{"php":"^8.1","illuminate/support":"^8|^9|^10|^11","intervention/image":"^3"}},{"version":"1.1.0","version_normalized":"1.1.0.0","source":{"url":"https://github.com/Intervention/image-laravel.git","type":"git","reference":"2f20fbe7d3b9433ff83dc0af41459bc7c3d506f6"},"dist":{"url":"https://api.github.com/repos/Intervention/image-laravel/zipball/2f20fbe7d3b9433ff83dc0af41459bc7c3d506f6","type":"zip","shasum":"","reference":"2f20fbe7d3b9433ff83dc0af41459bc7c3d506f6"},"support":{"issues":"https://github.com/Intervention/image-laravel/issues","source":"https://github.com/Intervention/image-laravel/tree/1.1.0"},"time":"2024-02-16T16:44:21+00:00","require":{"php":"^8.1","illuminate/support":"^8|^9|^10","intervention/image":"^3"},"require-dev":{"phpunit/phpunit":"^9","orchestra/testbench":"^8.18"}},{"version":"1.0.1","version_normalized":"1.0.1.0","source":{"url":"https://github.com/Intervention/image-laravel.git","type":"git","reference":"c222a580eeaa5f1aa4f4d04d87a4d1de86c4fde3"},"dist":{"url":"https://api.github.com/repos/Intervention/image-laravel/zipball/c222a580eeaa5f1aa4f4d04d87a4d1de86c4fde3","type":"zip","shasum":"","reference":"c222a580eeaa5f1aa4f4d04d87a4d1de86c4fde3"},"support":{"issues":"https://github.com/Intervention/image-laravel/issues","source":"https://github.com/Intervention/image-laravel/tree/1.0.1"},"time":"2024-02-04T09:24:48+00:00","require":{"php":"^8.1","illuminate/support":"^10.0","intervention/image":"^3"}},{"version":"1.0.0","version_normalized":"1.0.0.0","source":{"url":"https://github.com/Intervention/image-laravel.git","type":"git","reference":"9f9f8901d6ddd93906bc4b664e4f276abe2b2855"},"dist":{"url":"https://api.github.com/repos/Intervention/image-laravel/zipball/9f9f8901d6ddd93906bc4b664e4f276abe2b2855","type":"zip","shasum":"","reference":"9f9f8901d6ddd93906bc4b664e4f276abe2b2855"},"support":{"issues":"https://github.com/Intervention/image-laravel/issues","source":"https://github.com/Intervention/image-laravel/tree/1.0.0"},"time":"2024-01-17T09:27:26+00:00","require-dev":{"phpunit/phpunit":"^9"}},{"version":"0.0.3","version_normalized":"0.0.3.0","source":{"url":"https://github.com/Intervention/image-laravel.git","type":"git","reference":"9a492ba9304b2743317b5044d2cc6ab43535e6d7"},"dist":{"url":"https://api.github.com/repos/Intervention/image-laravel/zipball/9a492ba9304b2743317b5044d2cc6ab43535e6d7","type":"zip","shasum":"","reference":"9a492ba9304b2743317b5044d2cc6ab43535e6d7"},"support":{"issues":"https://github.com/Intervention/image-laravel/issues","source":"https://github.com/Intervention/image-laravel/tree/0.0.3"},"time":"2024-01-17T09:00:15+00:00","require-dev":"__unset"},{"version":"0.0.2","version_normalized":"0.0.2.0","source":{"url":"https://github.com/Intervention/image-laravel.git","type":"git","reference":"4465d8e02741d3338b1e0eedade7e96a5174af31"},"dist":{"url":"https://api.github.com/repos/Intervention/image-laravel/zipball/4465d8e02741d3338b1e0eedade7e96a5174af31","type":"zip","shasum":"","reference":"4465d8e02741d3338b1e0eedade7e96a5174af31"},"support":{"issues":"https://github.com/Intervention/image-laravel/issues","source":"https://github.com/Intervention/image-laravel/tree/0.0.2"},"time":"2024-01-17T08:34:55+00:00","extra":{"laravel":{"aliases":{"Image":"Intervention\\Image\\Laravel\\ImageFacade"},"providers":["Intervention\\Image\\Laravel\\ServiceProvider"]}}},{"version":"0.0.1","version_normalized":"0.0.1.0","source":{"url":"https://github.com/Intervention/image-laravel.git","type":"git","reference":"1b5e3c2dd181cf10d99e4f7713cff6b04db6bb19"},"dist":{"url":"https://api.github.com/repos/Intervention/image-laravel/zipball/1b5e3c2dd181cf10d99e4f7713cff6b04db6bb19","type":"zip","shasum":"","reference":"1b5e3c2dd181cf10d99e4f7713cff6b04db6bb19"},"support":{"issues":"https://github.com/Intervention/image-laravel/issues","source":"https://github.com/Intervention/image-laravel/tree/0.0.1"},"time":"2024-01-17T08:27:11+00:00"}]},"security-advisories":[],"last-modified":"Fri, 04 Apr 2025 17:42:55 GMT"}